<decals>
    <decal file="1.png" centerX="1746.00676" centerY="43460.87124" centerZ="0.00" width="2500" height="2500" altitude="0.00" rotation="0.00" tilt="0.00" roll="0.00" layer="0.00" screenRelative="0"/>
    <decal file="2.png" centerX="-753.9932401" centerY="40960.87124" centerZ="0.00" width="2500" height="2500" altitude="0.00" rotation="0.00" tilt="0.00" roll="0.00" layer="0.00" screenRelative="0"/>
    <decal file="3.png" centerX="1746.00676" centerY="40960.87124" centerZ="0.00" width="2500" height="2500" altitude="0.00" rotation="0.00" tilt="0.00" roll="0.00" layer="0.00" screenRelative="0"/>
    <decal file="4.png" centerX="1746.00676" centerY="38460.87124" centerZ="0.00" width="2500" height="2500" altitude="0.00" rotation="0.00" tilt="0.00" roll="0.00" layer="0.00" screenRelative="0"/>
    <decal file="5.png" centerX="4246.00676" centerY="38460.87124" centerZ="0.00" width="2500" height="2500" altitude="0.00" rotation="0.00" tilt="0.00" roll="0.00" layer="0.00" screenRelative="0"/>
    <decal file="6.png" centerX="1746.00676" centerY="35960.87124" centerZ="0.00" width="2500" height="2500" altitude="0.00" rotation="0.00" tilt="0.00" roll="0.00" layer="0.00" screenRelative="0"/>
    <decal file="7.png" centerX="4246.00676" centerY="35960.87124" centerZ="0.00" width="2500" height="2500" altitude="0.00" rotation="0.00" tilt="0.00" roll="0.00" layer="0.00" screenRelative="0"/>
    <decal file="8.png" centerX="4246.00676" centerY="33460.87124" centerZ="0.00" width="2500" height="2500" altitude="0.00" rotation="0.00" tilt="0.00" roll="0.00" layer="0.00" screenRelative="0"/>
    <decal file="9.png" centerX="6746.00676" centerY="33460.87124" centerZ="0.00" width="2500" height="2500" altitude="0.00" rotation="0.00" tilt="0.00" roll="0.00" layer="0.00" screenRelative="0"/>
    <decal file="10.png" centerX="9246.00676" centerY="33460.87124" centerZ="0.00" width="2500" height="2500" altitude="0.00" rotation="0.00" tilt="0.00" roll="0.00" layer="0.00" screenRelative="0"/>
    <decal file="11.png" centerX="11746.00676" centerY="33460.87124" centerZ="0.00" width="2500" height="2500" altitude="0.00" rotation="0.00" tilt="0.00" roll="0.00" layer="0.00" screenRelative="0"/>
    <decal file="12.png" centerX="9246.00676" centerY="30960.87124" centerZ="0.00" width="2500" height="2500" altitude="0.00" rotation="0.00" tilt="0.00" roll="0.00" layer="0.00" screenRelative="0"/>
</decals>
	
	
