,car_num,x_position,y_position,x_acce(m^2/s),y_acce(m^2/s),length(m),speed(m/s),LateralSpeed(m/s),accelaration(m^2/s),angel(du),roadID,LaneID,Lane_index,lane_position
0,xiaokeche1.0,705.843510816579,7953.771899756191,0.0,0.0,4.0,13.951042006656468,0.0,-0.31327014113776386,176.09908943752234,mainlane02,mainlane02_1,1.0,425.5321099812356
1,xiaokeche1.1,687.6263651226016,8358.061743869923,-2.351874103898414,0.0,4.0,11.599167902758055,0.0,-0.42472928506322205,178.8542371618247,mainlane02,mainlane02_0,0.0,21.21049557278988
2,xiaokeche1.10,691.8701902875468,8716.880485622656,0.4063049350736634,0.0,4.0,12.005472837831718,0.0,-0.21610901367384905,178.8825851229096,mainlane01,mainlane01_2,2.0,2320.3879871230533
3,xiaokeche1.11,685.4487202614162,8662.318858955336,1.1722451990338563,0.0,4.0,13.177718036865574,0.0,0.46414594689849764,178.85284334040887,mainlane01,mainlane01_0,0.0,2374.975644477461
4,xiaokeche1.12,697.6015807542805,8616.900962285974,0.13548409603906997,0.0,4.0,13.313202132904644,0.0,-0.15893325530923796,178.8542371618252,mainlane01,mainlane01_3,3.0,2420.41099117699
5,xiaokeche1.13,681.8305540597111,8845.692297014446,-1.059901906109868,0.0,4.0,12.253300226794776,0.0,0.32672790717333555,178.85423716182484,mainlane01,mainlane01_0,0.0,2191.7809968206097
6,xiaokeche1.14,694.8266257570242,8757.369680165319,1.064659741707283,0.0,4.0,13.317959968502059,0.0,-0.5511107637779791,178.928472930186,mainlane01,mainlane01_3,3.0,2279.8327380391875
7,xiaokeche1.15,680.1886935705141,8928.765321474291,0.42889149824065953,0.0,4.0,13.746851466742719,0.0,1.8532930524496987,178.85423716182595,mainlane01,mainlane01_0,0.0,2108.7889171750235
8,xiaokeche1.16,694.3302175144078,8782.439124279614,-0.3262203859852857,0.0,4.0,13.420631080757433,0.0,0.3305310272611681,178.8542371618236,mainlane01,mainlane01_3,3.0,2254.743722954834
9,xiaokeche1.17,679.3543726415365,8970.971367923175,-2.051452725051039,0.0,4.0,11.369178355706394,0.0,-0.5844159352242517,178.85440004934736,mainlane01,mainlane01_0,0.0,2066.623992517011
10,xiaokeche1.18,682.6658974263878,9183.505128680607,-0.2135021648505564,0.0,4.0,11.155676190855838,0.0,-0.6652737719649764,178.8542371618245,mainlane01,mainlane01_2,2.0,1853.67316512449
11,xiaokeche1.19,682.0375746685903,9025.381266570483,2.35673548726602,0.0,4.0,13.512411678121858,0.0,0.2860860905842859,178.85423716182635,mainlane01,mainlane01_1,1.0,2012.050965090834
12,xiaokeche1.2,695.7990218850955,8061.2187107271775,-4.004925883386283,0.0,4.0,9.507485794735574,0.0,-1.559283356136092,177.25125200918922,mainlane02,mainlane02_0,0.0,317.73167886981946
13,xiaokeche1.20,678.9679044034278,8990.794779828606,2.044812913986565,0.0,4.0,11.55229870872214,0.0,-1.9880134536543572,178.85423716182484,mainlane01,mainlane01_0,0.0,2046.8199972665625
14,xiaokeche1.21,679.235174938673,9167.23028118483,1.3639322092621722,0.0,4.0,12.916230917984311,0.0,-0.01577635839748126,178.9243639697634,mainlane01,mainlane01_1,1.0,1870.2569303282348
15,xiaokeche1.22,674.1673975709297,9233.770121453517,-0.1816733157703041,0.0,4.0,12.734557602214007,0.0,0.6151528786078551,178.85602677763802,mainlane01,mainlane01_0,0.0,1804.0814382029364
16,xiaokeche1.23,679.6693773045811,9335.301134770943,-0.35299140138061347,0.0,4.0,12.381566200833394,0.0,-0.38134674977045613,178.85423716182612,mainlane01,mainlane01_2,2.0,1701.8477794549294
17,xiaokeche1.24,673.3251745335738,9276.381273321314,0.19535418617343225,0.0,4.0,12.576920387006826,0.0,-0.6916217167904382,178.87555591433147,mainlane01,mainlane01_0,0.0,1761.5118050402104
18,xiaokeche1.25,684.0498867378363,9303.355663108183,1.0198101916241118,0.0,4.0,13.596730578630938,0.0,0.12215235312913286,178.8542371618252,mainlane01,mainlane01_3,3.0,1733.4211780751432
19,xiaokeche1.26,684.487513555821,9281.099246898833,-0.4688381974000517,0.0,4.0,13.127892381230886,0.0,-0.032281610625796375,178.96172969049294,mainlane01,mainlane01_3,3.0,1755.694910487454
20,xiaokeche1.27,673.2811047270677,9469.124763646614,0.816031928412599,0.0,4.0,13.943924309643485,0.0,0.2897496304707605,178.8542371618247,mainlane01,mainlane01_1,1.0,1568.4796545037318
21,xiaokeche1.28,681.5192951386514,9431.532413979217,-1.4361729377067984,0.0,4.0,12.507751371936687,0.0,-0.6962957049245979,178.94675648943874,mainlane01,mainlane01_3,3.0,1605.144506243529
22,xiaokeche1.29,667.4998506936389,9600.67493063611,0.7655144968652721,0.0,4.0,13.273265868801959,0.0,0.269006839678827,179.42762125433197,mainlane01,mainlane01_0,0.0,1437.5437732091991
23,xiaokeche1.3,691.0982256305865,8390.331540943303,-1.6460780394508703,0.0,4.0,11.627187829351088,0.0,-0.582410332013275,180.77472551611984,:gneJ89_0,:gneJ89_0_1,1.0,96.21459253106656
24,xiaokeche1.30,667.2204085055948,9659.944252797408,1.038117284691273,0.0,4.0,12.665305114042361,0.0,-0.5495794855989509,180.1145914062373,mainlane01,mainlane01_0,0.0,1378.3428781542425
25,xiaokeche1.31,671.510901135105,9731.096320944063,0.7269931246123864,0.0,4.0,13.392298238654748,0.0,0.29474980499873027,180.91665425638575,mainlane01,mainlane01_1,1.0,1306.6407807451374
26,xiaokeche1.32,672.5275400578769,9778.668397785454,-1.509265655462947,0.0,4.0,11.8830325831918,0.0,-1.1295200534397747,181.68662823762327,mainlane01,mainlane01_1,1.0,1259.0852405018356
27,xiaokeche1.33,673.7984063650426,9816.640167501122,0.7249556182374679,0.0,4.0,12.607988201429269,0.0,-0.27610188350081444,182.22098144084197,mainlane01,mainlane01_1,1.0,1221.114162575538
28,xiaokeche1.34,674.681461406525,9837.604965538909,0.8478474279990298,0.0,4.0,13.455835629428298,0.0,1.2680966309621304,182.5703281808511,mainlane01,mainlane01_1,1.0,1200.1429645423596
29,xiaokeche1.35,679.5328781727281,9921.84111675326,-0.7814530704258118,0.0,4.0,12.674382559002487,0.0,0.5415822878014307,184.03795914098293,mainlane01,mainlane01_1,1.0,1115.8142953514869
30,xiaokeche1.36,680.0125351371169,9976.085989966476,0.39795698919724565,0.0,4.0,13.072339548199732,0.0,0.48574762636630453,184.91738835611443,mainlane01,mainlane01_0,0.0,1062.21002539838
31,xiaokeche1.37,676.7228531147499,9934.953613628653,0.11837904721783765,0.0,4.0,13.19071859541757,0.0,1.175048434105701,184.23237775061446,mainlane01,mainlane01_0,0.0,1103.4258130821895
32,xiaokeche1.38,692.8316937080274,10098.97228665951,-0.5914134400219595,0.0,4.0,12.59930515539561,0.0,-0.3224164898696742,186.9918355714616,mainlane01,mainlane01_0,0.0,938.7944183404155
33,xiaokeche1.39,690.3237959430304,10078.025351372917,0.1444121197998598,0.0,4.0,12.74371727519547,0.0,0.865287649561651,186.64307410258218,mainlane01,mainlane01_0,0.0,959.8663674209697
34,xiaokeche1.4,687.7522265272403,8420.160954556974,-0.13720555468375295,0.0,4.0,12.606511720511717,0.0,1.1422244416535516,180.77429231759098,:gneJ89_0,:gneJ89_0_0,0.0,66.35474694872951
35,xiaokeche1.40,725.5183279540175,10289.562648104838,0.42191605036825486,0.0,4.0,13.028427770879972,0.0,0.7936216052388758,190.2799125987663,mainlane01,mainlane01_1,1.0,745.2612585100433
36,xiaokeche1.41,696.545491284266,10066.463735147861,0.15770099684673333,0.0,4.0,13.186128767726705,0.0,-0.7843545959098268,186.4728022976396,mainlane01,mainlane01_2,2.0,969.8298578660755
37,xiaokeche1.42,712.9335298763519,10137.676871894033,0.7991045478160679,0.0,4.0,13.985233315542773,0.0,0.393188834446482,187.82197630940425,mainlane01,mainlane01_4,4.0,896.3211492116568
38,xiaokeche1.43,716.4158931405191,10236.867124747616,-0.2836452713743256,0.0,4.0,13.701588044168448,0.0,-0.7876133311772708,189.39134043480226,mainlane01,mainlane01_1,1.0,798.7065611241328
39,xiaokeche1.44,742.6081377798203,10339.6385310527,-0.008038125458950773,0.0,4.0,13.693549918709497,0.0,0.15674808667972684,191.19745562692097,mainlane01,mainlane01_3,3.0,692.3353574207372
40,xiaokeche1.45,743.0337994947907,10397.624397642358,-0.31445056153201456,0.0,4.0,13.379099357177482,0.0,0.4445378682343293,192.1124561325637,mainlane01,mainlane01_0,0.0,636.2064576514496
41,xiaokeche1.46,754.4189144088963,10414.718057699458,0.08262982911729644,0.0,4.0,13.461729186294779,0.0,-0.01839597849175334,192.47907180193326,mainlane01,mainlane01_2,2.0,616.6411213698906
42,xiaokeche1.47,760.7119440696349,10442.75204290011,-0.7027404870178113,0.0,4.0,12.758988699276967,0.0,0.12100651075597924,192.93680023030652,mainlane01,mainlane01_2,2.0,587.909443819913
43,xiaokeche1.48,746.9142639395803,10397.863231718042,0.3008776206086541,0.0,4.0,13.059866319885622,0.0,0.10658065655734283,192.1990368699868,mainlane01,mainlane01_1,1.0,634.9269233678757
44,xiaokeche1.49,787.337874902586,10579.82386148834,0.4286351785961937,0.0,4.0,13.488501498481815,0.0,0.6904217268805954,195.3196906475883,mainlane01,mainlane01_0,0.0,448.893199394766
45,xiaokeche1.5,688.359721078856,8465.111361758938,-1.3481738420794365,0.0,4.0,12.140327656402379,0.0,0.3432718985248364,180.77429231759098,:gneJ89_0,:gneJ89_0_0,0.0,21.45461515793304
46,xiaokeche1.50,801.5864037661012,10589.266494115633,0.7665521011213094,0.0,4.0,12.906879757523688,0.0,-0.11215318758040738,195.56710739269533,mainlane01,mainlane01_3,3.0,435.62367085598424
47,xiaokeche1.51,845.7901141855498,10736.083468337341,-1.6868279766042935,0.0,4.0,11.220051780919395,0.0,0.1756917976308614,197.99869497301597,mainlane01,mainlane01_3,3.0,282.19391369983964
48,xiaokeche1.52,845.8362316167013,10772.003294253562,0.7732027636771477,0.0,4.0,11.993254544596542,0.0,0.17384769045747817,198.65985058110044,mainlane01,mainlane01_0,0.0,248.2133118075753
49,xiaokeche1.53,927.1910662006925,10949.113352961938,0.9927915822841396,0.0,4.0,12.986046126880682,0.0,2.415074367052876,201.8867027311458,mainlane01,mainlane01_4,4.0,53.935356140159996
50,xiaokeche1.54,861.3723211746372,10771.133242732256,0.5404559460618419,0.0,4.0,13.526502072942524,0.0,0.42565765557810664,198.74621380052807,mainlane01,mainlane01_4,4.0,243.94257474471002
51,xiaokeche1.55,887.2294450188748,10887.895616369957,-0.2677246674608913,0.0,4.0,13.258777405481633,0.0,0.6436773696215834,200.77674690366217,mainlane01,mainlane01_0,0.0,125.2878499895856
52,xiaokeche1.56,906.280274476236,10895.790269134415,0.29404639512456043,0.0,4.0,13.552823800606193,0.0,0.18250953140668535,200.91547807692805,mainlane01,mainlane01_4,4.0,111.27967551843498
53,xiaokeche1.57,915.4078802724773,10960.006937907989,-1.7877519491952896,0.0,4.0,11.765071851410903,0.0,1.3800286344951012,202.04865693664144,mainlane01,mainlane01_0,0.0,47.9553323969245
54,xiaokeche1.58,938.1833342900997,10985.951514325703,-5.732626731484197,0.0,4.0,6.032445119926706,0.0,2.290573910041712,202.3219919052571,mainlane01,mainlane01_3,3.0,15.566649092757142
55,xiaokeche1.59,945.0256547552802,10992.969998931843,-3.5976453936425967,0.0,4.0,2.4347997262841092,0.0,2.4347997262841092,201.3315023557383,mainlane01,mainlane01_4,4.0,6.534799726284109
56,xiaokeche1.6,698.924491293324,8175.256346045093,12.212576401061146,0.0,4.0,14.647376127345254,0.0,0.6208945069694902,178.39292475883317,mainlane02,mainlane02_2,2.0,204.16657873874044
57,xiaokeche1.7,694.9198705683461,8395.69222587264,-1.0211757084515902,0.0,4.0,13.626200418893664,0.0,0.8580316230071556,180.77508688532149,:gneJ89_0,:gneJ89_0_2,2.0,90.91929047610613
58,xiaokeche1.8,688.6413697812657,8485.95142333241,-2.226966663554265,0.0,4.0,11.399233755339399,0.0,-0.6949814421722547,179.95183521395546,:gneJ89_0,:gneJ89_0_0,0.0,0.6378624425923647
59,xiaokeche1.9,695.2242676469882,8418.19241820979,1.181950336150722,0.0,4.0,12.58118409149012,0.0,-0.34797865544282125,180.77508688532149,:gneJ89_0,:gneJ89_0_2,2.0,68.42119742915587
60,xiaokeche2.0,692.6353585471172,8136.585595913411,-0.2305800886272884,0.0,4.0,12.350604002862832,0.0,-0.22742054327390981,177.962632803082,mainlane02,mainlane02_0,0.0,242.41151670887461
61,xiaokeche2.1,691.9242021323796,8158.126183363137,0.13331005852104916,0.0,4.0,12.483914061383881,0.0,-0.6360460031977446,178.23519040896642,mainlane02,mainlane02_0,0.0,220.89167718868327
62,xiaokeche2.10,698.7709306214557,8363.063468927214,2.2653043173647767,0.0,4.0,14.749218378748658,0.0,0.2432720709592111,178.85311671641824,mainlane02,mainlane02_3,3.0,16.44482860463568
63,xiaokeche2.11,683.9605971069426,8737.71014465287,-2.488729174646643,0.0,4.0,12.260489204102015,0.0,-0.38753055033806305,178.85423716182484,mainlane01,mainlane01_0,0.0,2299.657855043674
64,xiaokeche2.12,690.6135686349261,8780.701568253693,-0.3966199200264722,0.0,4.0,11.863869284075543,0.0,-1.1474627748455717,178.8542371618245,mainlane01,mainlane01_2,2.0,2256.5546136484004
65,xiaokeche2.13,685.6466177125513,8842.469114372432,1.332953423061591,0.0,4.0,13.196822707137134,0.0,0.9822508353274326,178.8542371618247,mainlane01,mainlane01_1,1.0,2194.892134387133
66,xiaokeche2.14,680.6093607402756,8907.533292206908,-0.8810931306633627,0.0,4.0,12.315729576473771,0.0,-1.1044384498524842,178.91575411642506,mainlane01,mainlane01_0,0.0,2130.000278305577
67,xiaokeche2.15,681.0261415015503,8886.402924922479,-0.3851630555265402,0.0,4.0,11.930566520947231,0.0,-0.919885173994869,178.8542371618265,mainlane01,mainlane01_0,0.0,2151.1100402904826
68,xiaokeche2.16,692.7243612181014,8863.72950297312,1.6248313067784466,0.0,4.0,13.555397827725677,0.0,0.20393487256951737,178.8517398439708,mainlane01,mainlane01_3,3.0,2173.389956124509
69,xiaokeche2.17,679.7579318460479,8950.811200882208,-1.1751406935513842,0.0,4.0,12.380257134174293,0.0,1.1395077996194853,178.85200763610436,mainlane01,mainlane01_0,0.0,2086.764613131006
70,xiaokeche2.18,680.7689108939403,9089.304455302985,0.23463358338898033,0.0,4.0,12.614890717563274,0.0,0.40088464545551616,178.95603291739033,mainlane01,mainlane01_1,1.0,1948.1524427910006
71,xiaokeche2.19,675.7979550007794,9151.26224996103,-1.2409938927659425,0.0,4.0,11.373896824797331,0.0,-1.4988287624818675,178.85423716182484,mainlane01,mainlane01_0,0.0,1886.5089130445306
72,xiaokeche2.2,700.6160734644416,8123.587333749666,2.438369333961816,0.0,4.0,13.812266158759147,0.0,0.3674889236222949,177.89448859161786,mainlane02,mainlane02_2,2.0,255.8479779871566
73,xiaokeche2.20,684.8443287723683,9073.106994258822,-1.3756879510108746,0.0,4.0,12.436578207748273,0.0,-0.4732687762007117,178.85325391305057,mainlane01,mainlane01_2,2.0,1964.092650096032
74,xiaokeche2.21,683.4706519451171,9142.777402744141,0.8772387460605238,0.0,4.0,13.313816953808796,0.0,-0.20263368161395157,178.85423716182612,mainlane01,mainlane01_2,2.0,1894.4087884587393
75,xiaokeche2.22,672.7691212433015,9304.673937834927,-0.5983007103665479,0.0,4.0,12.715516243442249,0.0,0.6764754664618522,178.85423716182484,mainlane01,mainlane01_0,0.0,1733.2467676013205
76,xiaokeche2.23,684.4143247158603,9095.103764206986,-0.30860584513490785,0.0,4.0,12.40691039830734,0.0,0.5092811887339312,178.8542371618245,mainlane01,mainlane01_2,2.0,1942.0917029708069
77,xiaokeche2.24,677.8800681285768,9235.716593571158,0.7851676207547182,0.0,4.0,13.192078019062059,0.0,0.013196308789447997,178.8542371618247,mainlane01,mainlane01_1,1.0,1801.7971231881284
78,xiaokeche2.25,673.8191807555921,9441.720962220394,0.6931765306406756,0.0,4.0,13.885254549702735,0.0,0.567330586289609,178.8542371618247,mainlane01,mainlane01_1,1.0,1595.8727712742111
79,xiaokeche2.26,680.7658237067507,9279.489397033141,0.3422396542647004,0.0,4.0,14.227494203967435,0.0,0.0992458974942565,178.9602967183855,mainlane01,mainlane01_2,2.0,1757.6702186296006
80,xiaokeche2.27,677.1849996335737,9461.138909245903,-2.159757588401689,0.0,4.0,12.067736615565746,0.0,0.9238889651430355,178.95766652629936,mainlane01,mainlane01_2,2.0,1575.9856445999953
81,xiaokeche2.28,674.9470549900456,9384.336544998721,0.988701222013054,0.0,4.0,13.0564378375788,0.0,0.5310747321967568,178.85443911421808,mainlane01,mainlane01_1,1.0,1653.2348356837456
82,xiaokeche2.29,674.7293570794757,9664.408539737813,-0.9661133260285055,0.0,4.0,12.090324511550294,0.0,-0.47580507886596024,180.00920914567857,mainlane01,mainlane01_2,2.0,1372.697584045934
83,xiaokeche2.3,691.1574438820611,8369.07955028515,0.5293515629548136,0.0,4.0,12.619676074505108,0.0,0.8005108462180939,178.85373797974643,mainlane02,mainlane02_1,1.0,10.283303063382377
84,xiaokeche2.30,667.329038508662,9623.183581889667,1.1066587120716012,0.0,4.0,13.72633478657671,0.0,0.8598442184505988,179.6562294481274,mainlane01,mainlane01_0,0.0,1415.060778807166
85,xiaokeche2.31,675.6264777234107,9751.543886170533,-0.9295895765613551,0.0,4.0,12.796745210015354,0.0,-0.2260123844016082,181.16933696811822,mainlane01,mainlane01_2,2.0,1285.5563218503212
86,xiaokeche2.32,671.9109167145275,9753.34583572637,0.15474709313857105,0.0,4.0,12.951492303153925,0.0,-0.022670363709407226,181.21707854100148,mainlane01,mainlane01_1,1.0,1284.4006057791892
87,xiaokeche2.33,667.618774602657,9721.387679321862,0.38875586965109044,0.0,4.0,13.340248172805016,0.0,0.23212954173795808,180.7179871119161,mainlane01,mainlane01_0,0.0,1316.9696115938125
88,xiaokeche2.34,675.0064118064818,9910.450178886087,-1.4026329606906458,0.0,4.0,11.93761521211437,0.0,-1.1471267367480333,183.77604498489472,mainlane01,mainlane01_0,0.0,1127.9606603983664
89,xiaokeche2.35,688.7354116096685,9944.645010348015,1.5436309628085585,0.0,4.0,13.481246174922928,0.0,0.4519063798023115,184.35480055169992,mainlane01,mainlane01_3,3.0,1091.4487428824957
90,xiaokeche2.36,672.0654305846651,9860.913665089716,-1.725847273810981,0.0,4.0,11.755398901111947,0.0,-0.31153867826581916,182.97669946811203,mainlane01,mainlane01_0,0.0,1177.5269108798457
91,xiaokeche2.37,678.3302486981628,9955.918108727035,0.17017947499618913,0.0,4.0,11.925578376108136,0.0,-0.672019806843279,184.57392125990015,mainlane01,mainlane01_0,0.0,1082.424328168979
92,xiaokeche2.38,694.5226202036948,10081.611372776426,1.1481408008115679,0.0,4.0,13.073719176919704,0.0,0.12171337713953179,186.73749621011177,mainlane01,mainlane01_1,1.0,955.4209646352824
93,xiaokeche2.39,698.4110783573963,10142.145234465088,-0.3658381607196617,0.0,4.0,12.707881016200043,0.0,0.7451047772238191,187.746893509819,mainlane01,mainlane01_0,0.0,895.3129733115966
94,xiaokeche2.4,689.7349738674955,8251.151306625226,0.4805946699179042,0.0,4.0,13.188475686117947,0.0,-0.4170505975605927,178.8542371618242,mainlane02,mainlane02_0,0.0,127.98046668157696
95,xiaokeche2.40,709.932607675733,10220.283087172922,-0.17915862119207127,0.0,4.0,13.009317064925876,0.0,0.8700692763552063,189.00407020094,mainlane01,mainlane01_0,0.0,816.4207502778972
96,xiaokeche2.41,693.7451493933282,10040.849600932388,-0.3118743940845903,0.0,4.0,12.697442670841285,0.0,-0.16661220462992787,186.01757385997504,mainlane01,mainlane01_2,2.0,995.596636069792
97,xiaokeche2.42,716.9579922552081,10262.6389068342,0.6759817540316586,0.0,4.0,13.373424424872944,0.0,2.4270620146999136,189.82783983998365,mainlane01,mainlane01_0,0.0,773.5361162195335
98,xiaokeche2.43,728.1650304474744,10283.091761138152,-0.5536093067879921,0.0,4.0,12.819815118084952,0.0,-0.1168850565329187,190.15509685711194,mainlane01,mainlane01_2,2.0,750.8687339905167
99,xiaokeche2.44,720.5366534401066,10261.354128564437,0.9693419275301149,0.0,4.0,13.789157045615067,0.0,-0.5985946335596957,189.88573912461746,mainlane01,mainlane01_1,1.0,773.8896671720817
100,xiaokeche2.45,744.9199053628051,10370.134789330808,-1.2587835297103798,0.0,4.0,12.530373515904687,0.0,-0.697966227061384,191.66999547647035,mainlane01,mainlane01_2,2.0,662.2253864611196
101,xiaokeche2.46,767.6670113652134,10488.518407664944,-0.030404142008418233,0.0,4.0,12.499969373896269,0.0,0.3564585687394004,193.78580212185366,mainlane01,mainlane01_1,1.0,541.977993995955
102,xiaokeche2.47,794.0089497737498,10575.796316598085,0.5597594484067248,0.0,4.0,13.059728822302993,0.0,-0.23771369960159028,195.3107171826992,mainlane01,mainlane01_2,2.0,450.75272619545376
103,xiaokeche2.48,786.9652962126589,10549.452309975803,-0.11265765132356265,0.0,4.0,12.94707117097943,0.0,-0.3790947902947668,194.72716021011553,mainlane01,mainlane01_2,2.0,478.02217076200185
104,xiaokeche2.49,812.7924017518977,10668.48628640738,0.440624168865444,0.0,4.0,13.387695339844875,0.0,-0.1881334650330242,196.66645382579418,mainlane01,mainlane01_0,0.0,356.754066205348
105,xiaokeche2.5,688.0451708442763,8441.836813712005,-1.5222100542067523,0.0,4.0,11.865485285638123,0.0,-0.6010494162393201,180.77429231759098,:gneJ89_0,:gneJ89_0_0,0.0,44.70313146131437
106,xiaokeche2.50,793.0605959828673,10557.838118323583,-0.11882893238930059,0.0,4.0,11.746656353248822,0.0,-0.405915958083753,194.96071482831525,mainlane01,mainlane01_3,3.0,468.2071068856763
107,xiaokeche2.51,828.491269395666,10719.085722233547,1.7287216994937236,0.0,4.0,13.475378052742546,0.0,1.0909558155108243,197.68823463306188,mainlane01,mainlane01_0,0.0,303.83652216200903
108,xiaokeche2.52,807.6207112603727,10610.797589089994,-0.27236135897857494,0.0,4.0,13.20301669376397,0.0,0.24303727031299083,195.89455137515725,mainlane01,mainlane01_3,3.0,413.2498813963072
109,xiaokeche2.53,848.8007080741696,10733.22913204695,-0.6654577933790531,0.0,4.0,12.537558900384917,0.0,-0.0195192282088108,198.04814561443393,mainlane01,mainlane01_4,4.0,283.92401984838887
110,xiaokeche2.54,862.1065149510463,10796.422300962538,0.22282690617289624,0.0,4.0,12.760385806557814,0.0,-0.09855778696946871,199.07957119577324,mainlane01,mainlane01_2,2.0,219.81228242612383
111,xiaokeche2.55,903.5218448132504,10930.182785152867,-0.17520457223541008,0.0,4.0,12.585181234322404,0.0,0.19757891653571313,201.50635041441527,mainlane01,mainlane01_0,0.0,80.02334942380965
112,xiaokeche2.56,918.9755899976576,10948.778568596308,0.5327607146986786,0.0,4.0,13.117941949021082,0.0,1.5341190096922208,201.84397692244576,mainlane01,mainlane01_2,2.0,57.17297215831384
113,xiaokeche2.57,937.2010139055409,10973.73760534632,-4.360734106360944,0.0,4.0,8.757207842660138,0.0,1.5069855130277583,202.292565151455,mainlane01,mainlane01_4,4.0,27.323119375249377
114,xiaokeche2.58,928.846961333,10963.225122857335,2.6112443150021107,0.0,4.0,11.368452157662249,0.0,2.5328923349035897,202.14830207595585,mainlane01,mainlane01_3,3.0,40.15048853582702
115,xiaokeche2.6,702.6243693356494,8176.786407250782,2.9683449815374257,0.0,4.0,14.336797139199675,0.0,-0.3522845172556117,178.41158426758065,mainlane02,mainlane02_3,3.0,202.82064100774733
116,xiaokeche2.60,927.4928023358457,10989.541931549258,-8.332282435626016,0.0,4.0,6.004514703573659,0.0,1.933359068771824,202.49300863878094,mainlane01,mainlane01_0,0.0,16.080763556156306
117,xiaokeche2.7,688.1033239211773,8527.619471549013,6.747277347703846,0.0,4.0,12.751792051277505,0.0,0.5715224207988054,178.90792850586774,mainlane01,mainlane01_0,0.0,2509.543638628308
118,xiaokeche2.8,692.1936365150792,8510.669810594534,-0.24736279066318367,0.0,4.0,12.504429260614321,0.0,0.15556595483794844,178.85652350577806,mainlane01,mainlane01_1,1.0,2526.5626810243966
119,xiaokeche2.9,687.6944132311373,8548.559338443134,-0.48228511671402785,0.0,4.0,12.022144143900293,0.0,0.8204855983636659,178.85423716182484,mainlane01,mainlane01_0,0.0,2488.6242689880164
120,xiaokeche3.0,700.3858039278159,8044.423770618924,-4.675923221884577,0.0,4.0,7.346220922015716,0.0,-1.9444444444444446,177.1234093255499,mainlane02,mainlane02_1,1.0,334.7965365620769
121,xiaokeche3.1,689.2103404209234,8277.872978953828,4.740019693578073,0.0,4.0,12.08624061559379,0.0,0.07284097268711776,178.8542371618242,mainlane02,mainlane02_0,0.0,101.29394882190014
122,xiaokeche3.10,691.377085811002,8552.001418030999,0.7306258514834116,0.0,4.0,12.816866467077201,0.0,-0.02660570596344769,178.85194165784117,mainlane01,mainlane01_1,1.0,2485.247093781338
123,xiaokeche3.11,691.0274818916143,8760.015653608443,0.10871576126440274,0.0,4.0,12.925582228341604,0.0,1.042688620844178,178.8519416578392,mainlane01,mainlane01_2,2.0,2277.2446377946126
124,xiaokeche3.12,685.0026239615767,8685.128064317323,-0.41899842634745355,0.0,4.0,12.50658380199415,0.0,-1.3783338285020807,178.8519416578393,mainlane01,mainlane01_0,0.0,2352.188753476
125,xiaokeche3.13,685.1016570258149,8869.707148709253,0.5843325088717819,0.0,4.0,13.090916310865932,0.0,0.7765118750045072,178.9664155829245,mainlane01,mainlane01_1,1.0,2167.664527366657
126,xiaokeche3.14,681.4041512404211,8867.012437978945,-1.4346732074465276,0.0,4.0,11.656243103419405,0.0,-0.4123854803222482,178.89132460771503,mainlane01,mainlane01_0,0.0,2170.4815344676917
127,xiaokeche3.15,684.6687970801162,8891.850145994193,0.7168364538024345,0.0,4.0,12.373079557221839,0.0,0.9883066440546528,178.8542371618247,mainlane01,mainlane01_1,1.0,2145.5302000136317
128,xiaokeche3.16,677.1066501600939,9084.837826979297,0.09890460290970537,0.0,4.0,12.471984160131544,0.0,-1.053747092691351,178.8565235057787,mainlane01,mainlane01_0,0.0,1952.8685349952505
129,xiaokeche3.17,684.2674713560436,8912.411179333427,-0.5418549880011341,0.0,4.0,11.93012917213041,0.0,-1.0175119815361828,178.8519416578379,mainlane01,mainlane01_1,1.0,2124.977228661879
130,xiaokeche3.18,683.0543160900737,9163.594195496311,-0.18758208252065423,0.0,4.0,11.742547089609756,0.0,0.14691954400394458,178.93396277344817,mainlane01,mainlane01_2,2.0,1873.5878641322113
131,xiaokeche3.19,674.6022608830725,9212.04218193468,0.962051492800196,0.0,4.0,12.704598582409952,0.0,0.39482992335688394,178.85274204796775,mainlane01,mainlane01_0,0.0,1825.788309670605
132,xiaokeche3.2,687.220731381574,8378.279555329194,-0.5920834198089722,0.0,4.0,12.11251516260098,0.0,-0.27436982806730015,180.28041564450362,mainlane02,mainlane02_0,0.0,1.0191157899092929
133,xiaokeche3.20,676.6739506998497,9106.972465007515,0.9428521337172633,0.0,4.0,13.055367296318243,0.0,0.08673034897074139,178.85423716182484,mainlane01,mainlane01_0,0.0,1930.755555168981
134,xiaokeche3.21,678.7979043178875,9189.334784105624,0.32680185539704887,0.0,4.0,13.382169151715292,0.0,0.957932155928237,178.8542371618247,mainlane01,mainlane01_1,1.0,1848.1609840218937
135,xiaokeche3.22,682.2791961287645,9202.840193561773,-1.162299515372803,0.0,4.0,12.219869636342489,0.0,-0.18360536619792533,178.91265215205,mainlane01,mainlane01_2,2.0,1834.3342627521586
136,xiaokeche3.23,678.3510110865558,9212.179445672205,0.9765909590822108,0.0,4.0,13.1964605954247,0.0,0.6292593008403511,178.85423716182683,mainlane01,mainlane01_1,1.0,1825.3252611027497
137,xiaokeche3.24,681.8944669769861,9222.576651150695,-0.4989850254625452,0.0,4.0,12.697475569962155,0.0,0.33977827179026754,178.85321783761304,mainlane01,mainlane01_2,2.0,1814.5940779717307
138,xiaokeche3.25,678.1588844214842,9411.815778925791,-1.2267572424236253,0.0,4.0,11.47071832753853,0.0,-0.09998380399774653,178.8542371618245,mainlane01,mainlane01_2,2.0,1625.318325125369
139,xiaokeche3.26,678.6171990627038,9388.400046864816,1.3649276450242809,0.0,4.0,12.83564597256281,0.0,0.17446686292532831,178.92983389078637,mainlane01,mainlane01_2,2.0,1648.7385146150302
140,xiaokeche3.27,676.7881258890894,9481.839518134437,-2.094069420188969,0.0,4.0,10.741576552373841,0.0,-0.3464421547217196,178.88404325042328,mainlane01,mainlane01_2,2.0,1555.2812526819198
141,xiaokeche3.28,667.7133732204485,9580.193336092552,2.0192523416483645,0.0,4.0,12.760828894022206,0.0,-0.3870027553522952,179.3138558021648,mainlane01,mainlane01_0,0.0,1458.0025495976727
142,xiaokeche3.29,671.1858873769742,9607.714077878229,0.6914361604244785,0.0,4.0,13.452265054446684,0.0,0.7783236995572214,179.54164354199932,mainlane01,mainlane01_1,1.0,1429.9544783131241
143,xiaokeche3.3,687.480476658505,8400.053338407588,-1.3710536057834073,0.0,4.0,12.081211448663277,0.0,-0.3726609503010163,180.77429231758936,:gneJ89_0,:gneJ89_0_0,0.0,86.43987345380575
144,xiaokeche3.30,669.8843209542335,9450.883952288323,1.902505525732865,0.0,4.0,13.983716974396142,0.0,0.9461019394024017,178.85440152510176,mainlane01,mainlane01_0,0.0,1587.1793109858431
145,xiaokeche3.31,671.0077536194337,9676.678404858445,-0.5664438733796828,0.0,4.0,13.417273101016459,0.0,-0.485546819423325,180.229074377564,mainlane01,mainlane01_1,1.0,1361.0296775855036
146,xiaokeche3.32,670.0619212783691,9816.88266522024,-1.166472229683805,0.0,4.0,12.250800871332654,0.0,-1.5592158621203165,182.22519729137227,mainlane01,mainlane01_0,0.0,1221.5522630440385
147,xiaokeche3.33,679.7750355529722,9769.006481373845,0.5702835627990535,0.0,4.0,12.821084434131707,0.0,-0.7281494252383709,181.47400571364523,mainlane01,mainlane01_3,3.0,1267.438117856331
148,xiaokeche3.34,669.3109482838205,9796.234752404871,-0.6931095605085087,0.0,4.0,12.127974873623199,0.0,-0.08724382140207965,181.84132304265373,mainlane01,mainlane01_0,0.0,1242.189713597664
149,xiaokeche3.35,668.4201851829155,9764.907731386724,1.6276730467998544,0.0,4.0,13.755647920423053,0.0,0.001662223016184683,181.37209164946094,mainlane01,mainlane01_0,0.0,1273.4928563182884
150,xiaokeche3.36,682.2498601722459,9906.382431089414,-0.7496079883049696,0.0,4.0,13.006039932118084,0.0,0.1747957260813564,183.78359025110004,mainlane01,mainlane01_2,2.0,1130.5630537013578
151,xiaokeche3.37,687.1807241997576,10050.021123175542,-0.04716232315969471,0.0,4.0,12.958877608958389,0.0,0.688265199330635,186.18861596324015,mainlane01,mainlane01_0,0.0,988.0135481582741
152,xiaokeche3.38,687.8895987596478,10020.4606159654,0.4137707590509816,0.0,4.0,13.37264836800937,0.0,0.4643924395466854,185.61944860588707,mainlane01,mainlane01_1,1.0,1016.8955055738993
153,xiaokeche3.39,695.7697069487916,10122.29334927421,-1.3197232374686294,0.0,4.0,12.052925130540741,0.0,-0.18578452027868586,187.39570394087022,mainlane01,mainlane01_0,0.0,915.316441300137
154,xiaokeche3.4,695.2430291173064,8352.378544134684,0.4036981986081347,0.0,4.0,12.456623329148876,0.0,-0.8761257791193202,178.8542371618249,mainlane02,mainlane02_2,2.0,27.05878780918235
155,xiaokeche3.40,684.3623476247682,10022.89717275019,1.5055042151286937,0.0,4.0,13.96212754427757,0.0,0.6065387836890288,185.726553735416,mainlane01,mainlane01_0,0.0,1015.2517317239328
156,xiaokeche3.41,732.467704901655,10306.669030561026,-1.2797686419775847,0.0,4.0,12.682358902299985,0.0,-0.6563168125692762,190.59152774797374,mainlane01,mainlane01_2,2.0,726.9020613794133
157,xiaokeche3.42,703.8147216942492,10125.972880594667,-0.05995591035760839,0.0,4.0,12.622402991942376,0.0,-1.0138815129874263,187.51790994311787,mainlane01,mainlane01_2,2.0,909.8776458531685
158,xiaokeche3.43,718.484385805162,10226.243832346874,0.5629863431045585,0.0,4.0,13.185389335046935,0.0,-1.1036975521361452,189.2118242412028,mainlane01,mainlane01_2,2.0,808.5356513859798
159,xiaokeche3.44,748.4621951070917,10422.50216117933,-1.580189523896836,0.0,4.0,11.605199811150099,0.0,-0.40682478174567116,192.4835521314809,mainlane01,mainlane01_0,0.0,610.7730400963491
160,xiaokeche3.45,752.5878013852864,10440.850083555266,0.6493584953369158,0.0,4.0,12.254558306487015,0.0,0.14992831005342744,192.83985665939576,mainlane01,mainlane01_0,0.0,591.9889533331109
161,xiaokeche3.46,757.6341710471963,10462.663004095928,1.2032090084612364,0.0,4.0,13.457767314948251,0.0,0.9469222842017189,193.20045630854628,mainlane01,mainlane01_0,0.0,569.6260180070637
162,xiaokeche3.47,773.0111142478079,10494.579172474241,-1.3522760727124705,0.0,4.0,12.10549124223578,0.0,0.24394095223397017,193.81863041674987,mainlane01,mainlane01_2,2.0,534.6424073659568
163,xiaokeche3.48,775.3429388304602,10488.352061619944,1.449738201635288,0.0,4.0,13.555229443871069,0.0,0.5876372920349233,193.78580212186282,mainlane01,mainlane01_3,3.0,539.9597011088382
164,xiaokeche3.49,818.5818067626476,10674.677148168119,-0.43324713364120093,0.0,4.0,13.121982310229868,0.0,-0.3592911300422248,196.94473117865894,mainlane01,mainlane01_1,1.0,349.0686911682359
165,xiaokeche3.5,692.0278722213181,8459.080509166859,-0.7030901096742728,0.0,4.0,12.418892200555595,0.0,-0.12835097445300825,180.7747255161182,:gneJ89_0,:gneJ89_0_1,1.0,27.50409244230015
166,xiaokeche3.50,814.3617866504654,10647.54292820826,1.082424773068885,0.0,4.0,13.50131697362448,0.0,0.7227696604095399,196.51082699084552,mainlane01,mainlane01_2,2.0,376.17373018308325
167,xiaokeche3.51,840.0679691957968,10730.611459720258,-0.025006834179576387,0.0,4.0,13.476310139444903,0.0,-0.41407491826593734,197.93675266928437,mainlane01,mainlane01_2,2.0,289.2163224160382
168,xiaokeche3.52,880.7112839842359,10848.784464751994,0.01243209220722008,0.0,4.0,13.488742231652123,0.0,0.48539690664038204,200.07124022160974,mainlane01,mainlane01_2,2.0,164.24254191804653
169,xiaokeche3.53,890.2887577647532,10863.955888057251,-0.93206682653393,0.0,4.0,12.556675405118193,0.0,-0.03266247054561866,200.287242220997,mainlane01,mainlane01_3,3.0,146.71179996574332
170,xiaokeche3.54,889.2216818738395,10871.85050742189,1.4315730274572545,0.0,4.0,13.988248432575448,0.0,-0.18363673381973022,200.47947363229827,mainlane01,mainlane01_2,2.0,139.65656858058182
171,xiaokeche3.55,837.9881268056813,10748.417429849107,1.031585575468112,0.0,4.0,15.01983400804356,0.0,0.35584089213516634,198.24901415299556,mainlane01,mainlane01_0,0.0,273.0415912589141
172,xiaokeche3.56,938.2313610148757,10996.197842778116,-13.158977583315906,0.0,4.0,1.8608564247276536,0.0,1.8294813047163188,201.32001591504974,mainlane01,mainlane01_2,2.0,5.9922315447389884
173,xiaokeche3.57,918.7880635655739,10938.192508121881,9.52846244544068,0.0,4.0,11.389318870168333,0.0,1.5394882535342287,201.63088683652182,mainlane01,mainlane01_3,3.0,67.14434793657314
174,xiaokeche3.58,930.801781420259,10977.901910611366,-3.1573420825332317,0.0,4.0,8.231976787635102,0.0,1.3860693867085505,202.37212222109278,mainlane01,mainlane01_2,2.0,25.739985343166506
175,xiaokeche3.6,691.3809538201893,8411.239778026826,4.068769173353852,0.0,4.0,12.300745960988953,0.0,0.9101498444054137,180.7747255161182,:gneJ89_0,:gneJ89_0_1,1.0,75.3180545450441
176,xiaokeche3.7,697.3479794846404,8245.65102576798,1.9551061009044446,0.0,4.0,14.255852061893398,0.0,0.09994668788276506,178.8542371618249,mainlane02,mainlane02_2,2.0,133.7750784763013
177,xiaokeche3.8,688.5431742792798,8505.629603463936,-1.7680607128573662,0.0,4.0,12.487791349036032,0.0,-0.353349383645833,178.8519416578404,mainlane01,mainlane01_0,0.0,2531.512179591036
178,xiaokeche3.9,693.8005302471094,8619.38348764453,0.6296534991512921,0.0,4.0,13.117444848187324,0.0,1.0349044522037723,178.85423716182666,mainlane01,mainlane01_2,2.0,2417.903963712876
179,xiaokeche4.0,703.2490221428006,7993.8367396322465,-0.9159971450908326,0.0,13.0,12.201447703096491,0.0,1.172572415973562,176.52655721619865,mainlane02,mainlane02_1,1.0,385.41928424911634
180,xiaokeche4.1,691.8477778190729,8334.071109046352,0.6324815456783845,0.0,13.0,12.833929248774876,0.0,0.14121276529040117,178.89826250338095,mainlane02,mainlane02_1,1.0,45.26713256773718
181,xiaokeche4.10,688.2362370734864,8901.048146325678,0.014701887702717187,0.0,13.0,12.848631136477593,0.0,-0.23615471414646372,178.8983019850846,mainlane01,mainlane01_2,2.0,2136.184711901994
182,xiaokeche4.11,687.312240186101,8758.028878549942,-0.2059260899033326,0.0,13.0,12.64270504657426,0.0,0.39104160869743687,178.86913228668823,mainlane01,mainlane01_1,1.0,2279.2995925394944
183,xiaokeche4.12,690.2386746820471,8799.946265897644,0.594282988832763,0.0,13.0,13.236988035407023,0.0,1.0862864070607934,178.85369607722333,mainlane01,mainlane01_2,2.0,2237.3062864140884
184,xiaokeche4.13,686.7298648688304,8787.316756558475,-1.1182111208315941,0.0,13.0,12.11877691457543,0.0,-0.0730029266520944,178.8982763690232,mainlane01,mainlane01_1,1.0,2250.0229948680767
185,xiaokeche4.14,689.2394163124836,8850.399184375818,1.3715852656552503,0.0,13.0,13.49036218023068,0.0,1.126173409533381,178.85423716182538,mainlane01,mainlane01_2,2.0,2186.843540348566
186,xiaokeche4.15,686.1412435646156,9007.277821769225,0.7502654237032687,0.0,13.0,14.240627603933948,0.0,0.037799898697995715,178.85727988076522,mainlane01,mainlane01_2,2.0,2029.9345146101098
187,xiaokeche4.16,692.309707221351,8884.94463893245,-0.9487803703669364,0.0,13.0,13.291847233567012,0.0,0.8793640449123252,178.85423716182484,mainlane01,mainlane01_3,3.0,2152.1583612277404
188,xiaokeche4.17,680.3785912679637,9109.32043660182,-1.3762602320453095,0.0,13.0,11.915587001521702,0.0,-0.1295997540442837,178.85290002793576,mainlane01,mainlane01_1,1.0,1928.1443168433277
189,xiaokeche4.18,683.4629229382035,8953.133853089825,-0.08326791554078916,0.0,13.0,11.832319085980913,0.0,-1.7051823127240269,178.85311476661252,mainlane01,mainlane01_1,1.0,2084.2703383664652
190,xiaokeche4.19,679.8224369774588,9137.618151127062,0.495396745139594,0.0,13.0,12.327715831120507,0.0,0.14096975426122604,178.85423716182524,mainlane01,mainlane01_1,1.0,1899.8576253057872
191,xiaokeche4.2,694.8200596508984,8188.416162684604,1.4129459801624673,0.0,13.0,13.740661811282974,0.0,0.27174659124575484,178.61298203860952,mainlane02,mainlane02_1,1.0,190.82183421990686
192,xiaokeche4.20,676.1364650713754,9324.377392938371,-0.9882411062151384,0.0,13.0,12.752420705067836,0.0,-0.2285752778989263,178.85418021853351,mainlane01,mainlane01_1,1.0,1713.1708399621273
193,xiaokeche4.21,674.4228314767101,9411.048426164498,0.48050588862082577,0.0,13.0,13.232926593688662,0.0,0.08197799146873841,178.85423716182459,mainlane01,mainlane01_1,1.0,1626.53337447154
194,xiaokeche4.22,677.7795133612045,9430.89587030655,-1.3357198298618886,0.0,13.0,11.897206763826773,0.0,-0.42404341906305376,178.88759084800745,mainlane01,mainlane01_2,2.0,1606.2344892758974
195,xiaokeche4.23,672.7008632768354,9499.62204017581,2.3480999667230904,0.0,13.0,14.245306730549864,0.0,-0.0018502335646175538,178.96925529978822,mainlane01,mainlane01_1,1.0,1537.994621222562
196,xiaokeche4.24,672.1462266811536,9531.790832427894,-0.26067280700476303,0.0,13.0,13.9846339235451,0.0,-0.006697132810948858,179.0843741547186,mainlane01,mainlane01_1,1.0,1505.8397847977012
197,xiaokeche4.25,675.5528684302508,9353.556578487462,-1.2071486458195988,0.0,13.0,12.777485277725502,0.0,-0.3759742917729163,178.89827636902268,mainlane01,mainlane01_1,1.0,1684.0028288639464
198,xiaokeche4.26,685.9260969945465,9398.602540573222,2.510585407097535,0.0,13.0,15.288070684823037,0.0,-0.01775532786268741,178.85446742282602,mainlane01,mainlane01_4,4.0,1637.6569175981465
199,xiaokeche4.27,671.5240843840863,9575.182967992807,-2.2764740711296056,0.0,13.0,13.011596613693431,0.0,-0.277267400035635,179.34331229866922,mainlane01,mainlane01_1,1.0,1462.4684275525403
200,xiaokeche4.28,677.2825806699051,9809.493907497366,-1.5281869648435915,0.0,13.0,11.48340964884984,0.0,0.07363623202545533,182.22527387859066,mainlane01,mainlane01_2,2.0,1227.5820408686893
201,xiaokeche4.29,671.1331474013109,9698.903425163862,2.498514797312067,0.0,13.0,13.981924446161907,0.0,0.6096114371695958,180.5397619694762,mainlane01,mainlane01_1,1.0,1338.8172341393033
202,xiaokeche4.3,701.5630300616705,8022.554463184456,-2.850157719658254,0.0,13.0,11.131766726503653,0.0,0.5618812774485331,176.88784592997186,mainlane02,mainlane02_1,1.0,356.6778635160475
203,xiaokeche4.30,680.9884682259672,9941.719622230463,0.916753623929365,0.0,13.0,12.048520350433018,0.0,-1.175259834882171,184.4417289841983,mainlane01,mainlane01_1,1.0,1095.8941563776887
204,xiaokeche4.31,707.4749791777193,10179.495064002038,0.931922577649754,0.0,13.0,12.980442928082772,0.0,-0.6666153077830952,188.4623317946518,mainlane01,mainlane01_1,1.0,856.7380058116487
205,xiaokeche4.32,678.9468271798843,9726.977095345279,1.055374522665403,0.0,13.0,14.035817450748175,0.0,-0.05698868921026623,180.91970883965584,mainlane01,mainlane01_3,3.0,1309.5004219435152
206,xiaokeche4.33,686.4789776218,9913.528479796309,-1.114482492873556,0.0,13.0,12.921334957874619,0.0,0.08132348128128797,183.98182357173573,mainlane01,mainlane01_3,3.0,1122.665338358761
207,xiaokeche4.34,685.0395102709061,9990.512513590917,0.1549684416416195,0.0,13.0,13.076303399516238,0.0,-0.05366798993200206,185.30472509526692,mainlane01,mainlane01_1,1.0,1046.9614638900402
208,xiaokeche4.35,681.1358748922345,9812.083023479856,0.36178330980603945,0.0,13.0,13.438086709322278,0.0,0.13199356589909605,182.27898301282036,mainlane01,mainlane01_3,3.0,1224.3146117357571
209,xiaokeche4.36,708.4072546654334,10132.06440999075,-0.11379687528880567,0.0,13.0,13.324289834033472,0.0,0.28205763988662547,187.70087508128546,mainlane01,mainlane01_3,3.0,902.8651418896839
210,xiaokeche4.37,718.9547471307956,10205.20585635017,0.0089939582604881,0.0,13.0,13.33328379229396,0.0,-0.2969676059670743,188.91012364674864,mainlane01,mainlane01_3,3.0,828.9223122251867
211,xiaokeche4.38,688.4748395061254,9986.771592592055,0.4035177980058524,0.0,13.0,13.736801590299812,0.0,0.3353287706966501,185.19660619619654,mainlane01,mainlane01_2,2.0,1049.9313884302665
212,xiaokeche4.39,731.2699475092369,10279.160615619825,-1.5979826111957074,0.0,13.0,12.138818979104105,0.0,-0.10135341936256737,190.21256474061735,mainlane01,mainlane01_3,3.0,753.9037730243466
213,xiaokeche4.4,690.0398242148359,8619.848789258205,0.5083564163871248,0.0,13.0,12.64717539549123,0.0,0.5359306040336378,178.85423716182524,mainlane01,mainlane01_1,1.0,2417.426079777551
214,xiaokeche4.40,696.9737785865716,10101.950950123379,0.023149039670780525,0.0,13.0,12.67032443516201,0.0,-0.09323959881696631,187.15511152830453,mainlane01,mainlane01_1,1.0,934.9461221465868
215,xiaokeche4.41,729.8353551835451,10312.989518620258,0.8180964863879296,0.0,13.0,13.48842092154994,0.0,-0.15750394739443507,190.78140306554064,mainlane01,mainlane01_1,1.0,721.4537562795917
216,xiaokeche4.42,755.9119516717707,10438.57912086328,-0.8317132171415569,0.0,13.0,12.656707704408383,0.0,0.04782118602888552,192.9455228157929,mainlane01,mainlane01_1,1.0,593.2527556066226
217,xiaokeche4.43,809.8176943117944,10645.399597657173,0.07016409906553456,0.0,13.0,12.726871803473918,0.0,-0.32305519578512865,196.51860583593694,mainlane01,mainlane01_1,1.0,379.612158387171
218,xiaokeche4.44,785.8857305205141,10560.018632340532,1.1617843182783112,0.0,13.0,13.888656121752229,0.0,0.2075213238364082,195.00875532901364,mainlane01,mainlane01_1,1.0,468.23465079456025
219,xiaokeche4.45,773.1676892993953,10510.809666477104,-0.43291351447670223,0.0,13.0,13.455742607275527,0.0,0.10880214156164847,194.18492109330288,mainlane01,mainlane01_1,1.0,519.0314075162506
220,xiaokeche4.46,868.2805650305927,10825.320216343767,-0.6816024852182583,0.0,13.0,12.774140122057268,0.0,0.1258940941072062,199.686020358649,mainlane01,mainlane01_1,1.0,190.51714319284295
221,xiaokeche4.47,907.6961271418738,10909.906418045073,-0.6199967931973269,0.0,13.0,12.154143328859941,0.0,0.819953713298311,201.23360295288464,mainlane01,mainlane01_3,3.0,97.54536401255756
222,xiaokeche4.48,786.203587344005,10531.658581497235,1.5404483109193787,0.0,13.0,13.69459163977932,0.0,0.2648582316702228,194.5830702203881,mainlane01,mainlane01_3,3.0,495.2856681639174
223,xiaokeche4.49,830.3023125650626,10674.54181785,0.5980608603261874,0.0,13.0,14.292652500105508,0.0,-0.11441503273090348,197.09148514258402,mainlane01,mainlane01_4,4.0,345.5305015621434
224,xiaokeche4.5,692.3008982484689,8479.27125460919,-1.800599473655323,0.0,13.0,12.492053026450185,0.0,-0.3914248592540339,180.34743672890147,:gneJ89_0,:gneJ89_0_1,1.0,7.324644628678843
225,xiaokeche4.50,904.4070256520406,10922.145005381884,-1.3549316058986243,0.0,13.0,11.13712142055156,0.0,1.1530723500298343,201.41948250936352,mainlane01,mainlane01_1,1.0,87.22836556530676
226,xiaokeche4.51,814.9254739833833,10636.16625558894,1.354306427488945,0.0,13.0,12.491427848040505,0.0,0.016313171642833524,196.4191732775487,mainlane01,mainlane01_3,3.0,386.83495897365157
227,xiaokeche4.52,855.9132430009454,10789.973913206464,1.7578856180939013,0.0,13.0,14.249313466134407,0.0,0.546567161368051,199.07191080026692,mainlane01,mainlane01_1,1.0,227.94300626640236
228,xiaokeche4.54,927.9166270166457,10980.75035951951,-10.056231064756792,0.0,13.0,4.193082401377614,0.0,0.8377639226149762,202.38673946197667,mainlane01,mainlane01_1,1.0,24.119227074924858
229,xiaokeche4.55,883.6585794829332,10867.651899182734,8.965837603153599,0.0,13.0,13.158920004531213,0.0,-0.1388638978707597,200.45257980322785,mainlane01,mainlane01_1,1.0,145.5046331849706
230,xiaokeche4.6,693.3916986476905,8639.825067615475,-1.190027987145072,0.0,13.0,11.96889201738614,0.0,-0.13889515637780825,178.8983019850846,mainlane01,mainlane01_2,2.0,2397.4583266372365
231,xiaokeche4.7,689.4665711234672,8648.919382029602,-0.16646514078217933,0.0,13.0,11.802426876603962,0.0,-0.7240618471971487,178.8610953510292,mainlane01,mainlane01_1,1.0,2388.3667750342033
232,xiaokeche4.8,688.2928608347079,8708.180244348074,0.40655922592789295,0.0,13.0,12.208986102531854,0.0,-0.4389553937909998,178.8659728535364,mainlane01,mainlane01_1,1.0,2329.128825893481
233,xiaokeche4.9,688.8657689201406,8679.041553992975,0.18061208131963902,0.0,13.0,12.389598183851493,0.0,0.018902890942991135,178.8982763690222,mainlane01,mainlane01_1,1.0,2358.2561698706672
234,xiaokeche5.0,704.5430685762126,7973.250266074846,0.41369543780157336,0.0,4.0,12.803293621653067,0.0,1.1966989314012277,176.29016800954508,mainlane02,mainlane02_1,1.0,406.02789198247564
235,xiaokeche5.1,691.0450842689073,8189.288675482878,0.14114524475791512,0.0,4.0,12.944438866410982,0.0,0.5748454625019797,178.61131769344243,mainlane02,mainlane02_0,0.0,189.76375670503828
236,xiaokeche5.10,695.4496883567488,8535.945582162565,0.7893410948437918,0.0,4.0,13.733779961254774,0.0,0.41497060291003507,178.8542371618245,mainlane01,mainlane01_2,2.0,2501.3580570736603
237,xiaokeche5.11,686.2481568864025,8621.852155679875,-0.6046168308723381,0.0,4.0,13.129163130382436,0.0,-0.13368073282763326,178.85423716182484,mainlane01,mainlane01_0,0.0,2415.4029110197794
238,xiaokeche5.12,684.3080672486745,8719.857375073632,0.42422890646658473,0.0,4.0,13.55339203684902,0.0,-0.0061094947392117405,178.96878733011366,mainlane01,mainlane01_0,0.0,2317.493127378322
239,xiaokeche5.13,689.6160317190747,8831.201571162515,-2.0775397925374186,0.0,4.0,11.475852244311602,0.0,-2.204207617812962,178.95930881102873,mainlane01,mainlane01_2,2.0,2206.044824397707
240,xiaokeche5.14,693.8864230731783,8805.129204033765,1.6774814115813879,0.0,4.0,13.15333365589299,0.0,-0.3338723714626841,178.85652350577905,mainlane01,mainlane01_3,3.0,2232.0360344488695
241,xiaokeche5.15,688.6257234925699,8881.573825371504,-1.328538000851907,0.0,4.0,11.824795655041083,0.0,-0.673827666202131,178.8542371618245,mainlane01,mainlane01_2,2.0,2155.6628979859242
242,xiaokeche5.16,677.5332009429794,9063.522272945329,0.675977204652197,0.0,4.0,12.50077285969328,0.0,-0.01781802314799208,178.8535734139254,mainlane01,mainlane01_0,0.0,1974.1634196590892
243,xiaokeche5.17,683.8613867242285,8932.710663788574,0.022867468350368014,0.0,4.0,12.523640328043648,0.0,0.6375888830499044,178.85423716182683,mainlane01,mainlane01_1,1.0,2104.685516368595
244,xiaokeche5.18,677.9613138666,9041.614306670002,-0.21625866629610435,0.0,4.0,12.307381661747543,0.0,-0.6600290085421872,178.85423716182484,mainlane01,mainlane01_0,0.0,1996.049946522229
245,xiaokeche5.19,691.7165543940642,8915.111935736197,0.6778657336725757,0.0,4.0,12.985247395420119,0.0,-0.43707152401323235,178.85194165783815,mainlane01,mainlane01_3,3.0,2121.9675939720246
246,xiaokeche5.2,708.7433400189254,7966.540403956249,0.991957318829682,0.0,4.0,13.977204714249801,0.0,-0.09054435554426199,176.21640974890022,mainlane02,mainlane02_2,2.0,413.0633692631643
247,xiaokeche5.20,675.1977690291751,9181.761548541246,-0.9829007409657393,0.0,4.0,12.994303973284062,0.0,0.6904741101665426,178.8542371618243,mainlane01,mainlane01_0,0.0,1856.03938175881
248,xiaokeche5.21,676.236904756053,9128.823071721743,0.18222919850481212,0.0,4.0,13.176533171788874,0.0,1.7066332338776604,178.94504055870374,mainlane01,mainlane01_0,0.0,1908.9261408876343
249,xiaokeche5.22,677.0347927507454,9278.47036246273,0.5663202901836826,0.0,4.0,13.742853461972556,0.0,0.1768930636812005,178.93330075965065,mainlane01,mainlane01_1,1.0,1759.059913509986
250,xiaokeche5.23,673.7464870088039,9255.315649559803,-1.3671753378428964,0.0,4.0,12.37567812412966,0.0,-0.2223296968488775,178.85423716182484,mainlane01,mainlane01_0,0.0,1782.556997048845
251,xiaokeche5.24,671.5139270635478,9368.423646822612,0.4890517210162848,0.0,4.0,12.864729845145945,0.0,-0.21323185476940054,178.8542371618243,mainlane01,mainlane01_0,0.0,1669.5592655472708
252,xiaokeche5.25,669.3623567378485,9477.812403452863,1.1822054206831307,0.0,4.0,14.046935265829076,0.0,0.2128409988479678,178.90439907705985,mainlane01,mainlane01_0,0.0,1560.277293240338
253,xiaokeche5.26,682.3686414458205,9388.397927708982,-0.4617548202868651,0.0,4.0,13.58518044554221,0.0,-0.12905065843369812,178.9277441339699,mainlane01,mainlane01_3,3.0,1648.3125751766465
254,xiaokeche5.27,670.3258132390512,9428.326756723536,-0.4819477903108371,0.0,4.0,13.103232655231373,0.0,-0.3974426962668076,178.9311276959328,mainlane01,mainlane01_0,0.0,1609.7144449512157
255,xiaokeche5.28,681.9279503242502,9410.93248378749,-0.11574629679122772,0.0,4.0,12.987486358440146,0.0,0.5345910051976261,178.8542371618252,mainlane01,mainlane01_3,3.0,1625.760532202089
256,xiaokeche5.29,671.038878318646,9629.990981179186,0.5673066824680308,0.0,4.0,13.554793040908176,0.0,0.3868669979972772,179.77127554827365,mainlane01,mainlane01_1,1.0,1407.6900633958476
257,xiaokeche5.3,688.8031290875147,8298.233545624267,-1.1525725312160162,0.0,4.0,12.40222050969216,0.0,-0.8458453429755917,178.85557793867238,mainlane02,mainlane02_0,0.0,80.96002632014185
258,xiaokeche5.30,667.2770132101028,9681.516809130757,-0.1492346068025281,0.0,4.0,12.252985902889632,0.0,0.3673834268563887,180.2503125100705,mainlane01,mainlane01_0,0.0,1356.795450977308
259,xiaokeche5.31,675.24236100452,9729.877562782498,0.6847632007936024,0.0,4.0,12.937749103683235,0.0,-0.07720688809640741,180.91665425638556,mainlane01,mainlane01_2,2.0,1307.2260502014972
260,xiaokeche5.32,667.9583045495162,9743.105619923072,0.26023944012401223,0.0,4.0,13.197988543807247,0.0,-0.34719582466359533,181.09437949019517,mainlane01,mainlane01_0,0.0,1295.274390098352
261,xiaokeche5.33,671.042584164763,9840.066289849838,-0.6658925783241436,0.0,4.0,12.532095965483103,0.0,0.7705847629759859,182.62849962920762,mainlane01,mainlane01_0,0.0,1198.3750045368522
262,xiaokeche5.34,680.4226735613163,9791.548548791134,0.7803019938925946,0.0,4.0,13.312397959375698,0.0,-0.0719343187213557,181.83371603695176,mainlane01,mainlane01_3,3.0,1244.873526000551
263,xiaokeche5.35,678.4359613719681,9837.537032936914,-1.6163027044933873,0.0,4.0,11.69609525488231,0.0,-0.023585950419009905,182.57539998883215,mainlane01,mainlane01_2,2.0,1199.5151616316755
264,xiaokeche5.36,683.9681307589987,9931.238033749738,1.702470590320159,0.0,4.0,13.39856584520247,0.0,-0.3830955911893401,184.24062420626387,mainlane01,mainlane01_2,2.0,1105.6480795637365
265,xiaokeche5.37,693.3735333476827,9955.751490178649,-0.8112671256988477,0.0,4.0,12.587298719503622,0.0,-1.102979892492293,184.59432348254134,mainlane01,mainlane01_4,4.0,1079.5313067596887
266,xiaokeche5.38,676.0931704992444,9866.009824060082,1.4809675752046356,0.0,4.0,14.068266294708257,0.0,0.3512832868611433,183.09097000353987,mainlane01,mainlane01_1,1.0,1171.7194741402232
267,xiaokeche5.39,700.3112740773644,10066.36130743661,-0.8895890675760416,0.0,4.0,13.178677227132216,0.0,-0.32362730395980144,186.4879619020421,mainlane01,mainlane01_3,3.0,969.1050401042401
268,xiaokeche5.4,691.7425819082713,8437.982798637197,-0.4406644709426679,0.0,4.0,12.738012756189548,0.0,0.7205326160881658,180.77472551611984,:gneJ89_0,:gneJ89_0_1,1.0,48.5899978555605
269,xiaokeche5.40,713.3708825275096,10193.595736428812,0.9984504029708212,0.0,4.0,13.736463159160369,0.0,-0.1667226334335279,188.74616226255085,mainlane01,mainlane01_2,2.0,841.5818441906356
270,xiaokeche5.41,704.3181696718127,10157.546697930711,-0.24282637517353756,0.0,4.0,13.493636783986831,0.0,1.0022527867229662,188.09127187051155,mainlane01,mainlane01_1,1.0,878.8993515226359
271,xiaokeche5.42,701.8636666624997,10166.934577435737,-0.720001220623482,0.0,4.0,12.77363556336335,0.0,-0.47366364005814177,188.19824062879866,mainlane01,mainlane01_0,0.0,870.3135179998881
272,xiaokeche5.43,713.3756973881661,10241.466274509196,-0.24675606656330018,0.0,4.0,12.52687949680005,0.0,-0.19728031417268888,189.41525008031434,mainlane01,mainlane01_0,0.0,794.9846095892434
273,xiaokeche5.44,740.8219384327512,10349.944245056502,0.8706577303174363,0.0,4.0,13.397537227117486,0.0,1.1805859883751975,191.39425287139076,mainlane01,mainlane01_2,2.0,682.827609920194
274,xiaokeche5.45,756.122965466729,10404.972897620413,0.6861410344440042,0.0,4.0,14.08367826156149,0.0,0.5160003170836713,192.27459902676372,mainlane01,mainlane01_3,3.0,625.5777130225679
275,xiaokeche5.46,736.6165416097548,10328.519704530418,-0.7499464222613224,0.0,4.0,13.333731839300167,0.0,0.4450370177992973,190.95043426144767,mainlane01,mainlane01_2,2.0,704.6609930161148
276,xiaokeche5.47,737.8437773367623,10294.440496359448,-0.0275881429244329,0.0,4.0,13.306143696375734,0.0,-0.8451318741543226,190.38697618067584,mainlane01,mainlane01_4,4.0,737.3905712657033
277,xiaokeche5.48,799.2183935762214,10622.358736983613,-0.20010881208577302,0.0,4.0,13.106034884289961,0.0,-0.396675602346658,195.9911057515856,mainlane01,mainlane01_0,0.0,404.7815907705656
278,xiaokeche5.49,762.8852376885455,10468.627937537256,-1.07682161602151,0.0,4.0,12.029213268268451,0.0,-0.0662118002664549,193.39779948219808,mainlane01,mainlane01_1,1.0,562.4232935329316
279,xiaokeche5.5,699.7901156056867,8146.9313873222945,1.1111084564266012,0.0,4.0,13.140321724695053,0.0,1.1285337344397028,178.16716049405773,mainlane02,mainlane02_2,2.0,232.496296795862
280,xiaokeche5.50,832.3518715862122,10718.850071546296,0.04837679034593556,0.0,4.0,13.188698515040988,0.0,-0.22871218619402356,197.6782883019663,mainlane01,mainlane01_1,1.0,302.8257932275292
281,xiaokeche5.51,803.5049624920055,10623.690739102629,-0.453478781608613,0.0,4.0,12.735219733432375,0.0,-0.15502162964548916,196.03994330605497,mainlane01,mainlane01_1,1.0,402.2071109067366
282,xiaokeche5.52,820.8158842717302,10669.128809487214,0.051065871166633414,0.0,4.0,12.786285604599009,0.0,0.21454572982620412,196.90487325679544,mainlane01,mainlane01_2,2.0,353.6436067886049
283,xiaokeche5.53,877.2407951798108,10816.948653181613,-0.31361173720874547,0.0,4.0,12.472673867390263,0.0,-0.8519138369243588,199.61685607082427,mainlane01,mainlane01_4,4.0,195.39977937970895
284,xiaokeche5.54,832.7332601776765,10707.669967365011,0.8774673648448346,0.0,4.0,13.350141232235098,0.0,-0.3075029258383424,197.5406057052047,mainlane01,mainlane01_2,2.0,313.3018248410936
285,xiaokeche5.55,902.1828941744623,10906.0429532193,-0.7926401687201636,0.0,4.0,12.557501063514934,0.0,-1.0568346957210437,201.1124840755594,mainlane01,mainlane01_2,2.0,103.08981299901131
286,xiaokeche5.56,915.3829222798413,10949.897305699604,-1.871520600762354,0.0,4.0,10.68598046275258,0.0,1.4728070845865577,201.84291511370813,mainlane01,mainlane01_1,1.0,57.40168604765658
287,xiaokeche5.57,872.7247483928273,10815.448189341907,3.049347644666442,0.0,4.0,13.735328107419022,0.0,-0.5156787706073374,199.57347587178919,mainlane01,mainlane01_3,3.0,198.33208728733877
288,xiaokeche5.59,935.3206676947724,10999.047276573036,-13.44377388471396,0.0,4.0,0.2915542227050637,0.0,0.2915542227050637,201.34429494700987,mainlane01,mainlane01_1,1.0,4.3915542227050635
289,xiaokeche5.6,698.1785165288259,8204.705144632253,14.186665098634618,0.0,4.0,14.478219321339681,0.0,0.6618601582944397,178.7295358011175,mainlane02,mainlane02_2,2.0,174.7171332741659
290,xiaokeche5.7,694.8268803442221,8373.175982788896,-0.9447979258698034,0.0,4.0,13.533421395469878,0.0,0.9469929632644423,178.8430616887084,mainlane02,mainlane02_2,2.0,6.263423502641132
291,xiaokeche5.8,695.5450133154417,8441.901053206231,-0.5415763814699339,0.0,4.0,12.991845013999944,0.0,-0.14828410481568532,180.77508688532149,:gneJ89_0,:gneJ89_0_2,2.0,44.714774471807694
292,xiaokeche5.9,687.705121321737,8738.063933913145,-0.1883881023115226,0.0,4.0,12.803456911688421,0.0,-0.205870970804245,178.85423716182683,mainlane01,mainlane01_1,1.0,2299.2567693812152
